date_code,country,trade_value_usd,date,tavg,prcp,wspd,sentiment_score,news_volume,prev_trade,pct_change,risk_label
202302,China,209004102335.0,2023-02-01,7.807142857142857,2.189285714285714,13.764285714285716,0.1157285714285714,134699.73214285713,284890853822.0,-0.2663713154316077,1
202303,China,303250247751.0,2023-03-01,13.103225806451611,1.9,13.180645161290323,0.127481,123462.25,209004102335.0,0.4509296437872716,0
202304,China,289477526508.0,2023-04-01,17.876666666666665,1.5633333333333337,15.663333333333332,0.0488793333333333,81555.93333333333,303250247751.0,-0.045417015633599206,0
202305,China,281802842544.0,2023-05-01,22.270967741935483,1.932258064516129,14.648387096774194,0.0919487096774193,92505.41935483873,289477526508.0,-0.026512192696201937,0
202306,China,284065798322.0,2023-06-01,26.14,13.366666666666667,12.35,0.1464483333333333,89899.45,281802842544.0,0.00803028016882643,0
202307,China,281291855548.0,2023-07-01,30.016129032258064,9.616129032258064,14.087096774193547,0.107428064516129,82036.45161290323,284065798322.0,-0.0097651417044428,0
202308,China,284460957657.0,2023-08-01,29.516129032258064,4.267741935483872,13.193548387096774,0.1403419354838709,82793.80645161291,281291855548.0,0.01126624197073214,0
202309,China,298926382476.0,2023-09-01,26.416666666666668,3.8033333333333337,11.44,0.1880986666666667,84508.73333333334,284460957657.0,0.050852056950614136,0
202310,China,274216703029.0,2023-10-01,21.10322580645161,0.4225806451612903,11.077419354838709,0.1608203225806451,73003.70967741935,298926382476.0,-0.08266142065591643,0
202311,China,292673360655.0,2023-11-01,15.056666666666668,1.66,13.81,0.2375616666666666,78460.86666666667,274216703029.0,0.06730683223205444,0
202312,China,303532942438.0,2023-12-01,7.535483870967742,1.1516129032258062,12.62258064516129,0.2391941935483871,77603.90322580645,292673360655.0,0.037104783840580385,0
202401,China,306281226114.0,2024-01-01,6.541935483870968,0.667741935483871,12.84516129032258,0.1656245161290322,73270.19354838709,303532942438.0,0.00905431764317103,0
202402,China,221682600382.0,2024-02-01,6.910344827586207,4.251724137931034,15.386206896551723,0.1442865517241379,83552.43103448275,306281226114.0,-0.2762122471734908,1
202403,China,279208176153.0,2024-03-01,12.174193548387096,1.7064516129032257,13.641935483870968,0.2396038709677419,84881.69354838709,221682600382.0,0.2594952227728871,0
202404,China,291912935010.0,2024-04-01,17.553333333333335,4.05,13.11,0.1632706666666666,87040.35,279208176153.0,0.045502818119617205,0
202405,China,301748650452.0,2024-05-01,21.60322580645161,2.941935483870968,14.774193548387096,0.177906129032258,78679.7258064516,291912935010.0,0.03369400345915833,0
202406,China,307321713855.0,2024-06-01,24.85666666666667,13.703333333333337,12.02,0.1722443333333333,85978.8,301748650452.0,0.018469223953949458,0
202407,China,300232169775.0,2024-07-01,31.51935483870968,4.212903225806452,16.948387096774194,0.2338593548387096,83482.16129032258,307321713855.0,-0.02306880301775545,0
202408,China,308255033450.0,2024-08-01,31.967741935483872,1.0741935483870966,12.87741935483871,0.1964574193548387,77357.0,300232169775.0,0.026722198627190732,0
202409,China,303404637275.0,2024-09-01,28.17,5.8566666666666665,15.633333333333333,0.1715043333333333,86920.26666666666,308255033450.0,-0.015735010457783007,0
202410,China,308880797971.0,2024-10-01,20.467741935483872,4.72258064516129,14.832258064516129,0.1526664516129032,80756.40322580645,303404637275.0,0.0180490342704832,0
202411,China,311900687655.0,2024-11-01,15.543333333333331,4.996666666666666,14.556666666666668,0.1526664516129032,80756.40322580645,308880797971.0,0.009776877370938188,0
202412,China,335714665750.0,2024-12-01,7.770967741935484,0.5258064516129033,12.30967741935484,0.1526664516129032,80756.40322580645,311900687655.0,0.07635115611332396,0
202302,Finland,5370848118.437,2023-02-01,-1.1928571428571428,1.3642857142857143,15.80714285714286,-0.0445678571428571,134236.35714285713,6790206272.616,-0.20903019690330804,1
202303,Finland,8287701792.247,2023-03-01,-0.2935483870967742,1.8774193548387097,15.070967741935483,0.0029056666666666,123094.58333333331,5370848118.437,0.5430899570213221,0
202304,Finland,6993650945.003,2023-04-01,5.953333333333333,0.3066666666666666,14.066666666666666,0.0051986666666666,81418.96666666666,8287701792.247,-0.15614109673378468,1
202305,Finland,7194020649.149,2023-05-01,11.025806451612905,0.5354838709677419,13.296774193548387,0.0739112903225806,92273.6129032258,6993650945.003,0.028650229432620612,0
202306,Finland,6786732734.6,2023-06-01,17.033333333333335,0.14,11.81,0.0702573333333333,89694.1,7194020649.149,-0.05661478252737278,0
202307,Finland,5918587532.299,2023-07-01,16.893548387096775,3.312903225806452,13.37741935483871,0.0222522580645161,81839.25806451614,6786732734.6,-0.1279179888542005,1
202308,Finland,6667228115.939,2023-08-01,17.874193548387098,5.34516129032258,13.674193548387096,0.0932722580645161,82586.19354838709,5918587532.299,0.12648973755216228,0
202309,Finland,6831715139.475,2023-09-01,15.89,1.6733333333333331,13.69,0.1078266666666666,84306.96666666666,6667228115.939,0.024670975805188,0
202310,Finland,6630796272.893,2023-10-01,5.754838709677419,4.225806451612903,17.316129032258065,0.0898658064516128,72855.96774193548,6831715139.475,-0.02940972544669666,0
202311,Finland,8868760949.496,2023-11-01,0.8633333333333333,2.106666666666667,13.813333333333333,0.2098683333333333,78235.2,6630796272.893,0.3375106977350372,0
202312,Finland,6219087374.698,2023-12-01,-3.235483870967742,2.048387096774193,13.338709677419354,0.0918748387096774,77387.59677419355,8868760949.496,-0.29876479813660756,1
202401,Finland,6298697487.949,2024-01-01,-6.687096774193549,1.3709677419354838,15.661290322580646,0.0305132258064516,73116.98387096774,6219087374.698,0.012800931785407869,0
202402,Finland,5844469295.907,2024-02-01,-2.2655172413793103,2.279310344827586,15.006896551724138,0.0706089655172413,83419.3275862069,6298697487.949,-0.07211462257253251,0
202403,Finland,5156502536.565,2024-03-01,0.9161290322580644,0.8838709677419354,11.98709677419355,0.1265887096774193,84678.17741935483,5844469295.907,-0.11771244308252198,1
202404,Finland,6749578081.519,2024-04-01,3.68,2.8833333333333333,14.526666666666667,0.073059,86846.08333333333,5156502536.565,0.3089449745554138,0
202405,Finland,6817010345.833,2024-05-01,13.980645161290322,0.1129032258064516,11.674193548387096,0.061636129032258,78511.06451612903,6749578081.519,0.009990589559758737,0
202406,Finland,7255446193.542,2024-06-01,17.27,0.81,13.37,0.077069,85811.81666666667,6817010345.833,0.06431497466877106,0
202407,Finland,6767536032.096,2024-07-01,19.106451612903225,1.6451612903225807,13.193548387096774,0.0890687096774193,83302.14516129032,7255446193.542,-0.06724743708805725,0
202408,Finland,6179207516.11,2024-08-01,18.461290322580645,1.3666666666666667,12.90967741935484,0.0885706451612903,77202.91935483871,6767536032.096,-0.08693393181739537,0
202409,Finland,7229788892.138,2024-09-01,15.586666666666668,3.066666666666667,11.46,0.0374409999999999,86738.1,6179207516.11,0.17001878854027758,0
202410,Finland,6904325314.989,2024-10-01,9.22258064516129,1.848387096774193,14.558064516129033,0.0902712903225806,80616.04838709677,7229788892.138,-0.045017023595657554,0
202411,Finland,6540310355.648,2024-11-01,4.13,3.036666666666666,15.263333333333332,0.0902712903225806,80616.04838709677,6904325314.989,-0.05272274157631874,0
202412,Finland,6293989606.111,2024-12-01,1.2870967741935484,2.425806451612903,15.683870967741935,0.0902712903225806,80616.04838709677,6540310355.648,-0.03766193592392524,0
202501,Finland,5856750016.324,2025-01-01,0.3419354838709678,2.177419354838709,15.351612903225806,0.0902712903225806,80616.04838709677,6293989606.111,-0.06946938542168425,0
202502,Finland,5996185117.221,2025-02-01,-1.8857142857142857,0.3464285714285714,12.521428571428572,0.0902712903225806,80616.04838709677,5856750016.324,0.023807589620244037,0
202503,Finland,6983190482.857,2025-03-01,2.903225806451613,0.5565217391304348,13.790322580645162,0.0902712903225806,80616.04838709677,5996185117.221,0.16460555275408834,0
202504,Finland,6712859983.512,2025-04-01,6.193333333333333,1.4200000000000002,14.443333333333332,0.0902712903225806,80616.04838709677,6983190482.857,-0.038711603243336015,0
202505,Finland,6694642130.639,2025-05-01,10.141935483870968,0.7387096774193548,13.64516129032258,0.0902712903225806,80616.04838709677,6712859983.512,-0.002713873508124181,0
202506,Finland,7437776833.075,2025-06-01,14.466666666666669,3.4766666666666666,14.523333333333332,0.0902712903225806,80616.04838709677,6694642130.639,0.11100439544556627,0
202507,Finland,8829128248.128,2025-07-01,20.661290322580644,2.193548387096774,12.212903225806452,0.0902712903225806,80616.04838709677,7437776833.075,0.18706549635447642,0
202508,Finland,6061051611.891,2025-08-01,16.529032258064515,2.438709677419354,13.896774193548389,0.0902712903225806,80616.04838709677,8829128248.128,-0.31351641503496147,1
202509,Finland,7400423167.562,2025-09-01,15.7,0.0,8.2,0.0902712903225806,80616.04838709677,6061051611.891,0.22098006112393542,0
202302,France,53144015538.959,2023-02-01,6.882142857142857,0.356,14.089285714285714,-0.0054035714285714,134305.94642857142,52185146843.66,0.018374360393612447,0
202303,France,59778652759.646,2023-03-01,8.593548387096773,1.9545454545454544,20.67096774193548,0.056836,123169.98333333334,53144015538.959,0.12484260275408171,0
202304,France,51595594972.628,2023-04-01,9.816666666666666,2.0666666666666664,17.763333333333332,0.056868,81449.38333333333,59778652759.646,-0.13688929758788468,1
202305,France,58276316344.633,2023-05-01,13.14516129032258,0.55,15.706451612903225,-0.0340387096774193,92308.58064516127,51595594972.628,0.12948239816885912,0
202306,France,61147281777.464,2023-06-01,18.0,1.2066666666666666,13.413333333333332,0.056158,89724.78333333334,58276316344.633,0.04926470327761884,0
202307,France,54597793194.128,2023-07-01,17.91290322580645,5.010344827586208,15.693548387096774,0.0354170967741935,81869.98387096774,61147281777.464,-0.10711005285847115,1
202308,France,46337492908.334,2023-08-01,18.17096774193548,1.724,15.051612903225807,0.0565451612903225,82617.45161290323,54597793194.128,-0.1512936659623524,1
202309,France,51866884899.344,2023-09-01,19.6,0.556,14.423333333333334,0.0899036666666666,84329.36666666667,46337492908.334,0.11932868275692829,0
202310,France,55323775646.355,2023-10-01,15.00967741935484,1.8043478260869563,17.061290322580643,0.0894390322580645,72871.75806451614,51866884899.344,0.06664928409947217,0
202311,France,58867888044.508,2023-11-01,10.19,5.65,22.57333333333333,0.1524273333333333,78251.15,55323775646.355,0.06406128932356234,0
202312,France,51828068222.133,2023-12-01,8.638709677419355,2.3210526315789477,21.583870967741937,0.0901412903225806,77410.67741935483,58867888044.508,-0.1195867569947886,1
202401,France,51432839477.672,2024-01-01,5.422580645161291,0.7999999999999999,18.335483870967742,0.058,73133.70967741935,51828068222.133,-0.007625766462432513,0
202402,France,54526235732.423,2024-02-01,8.993103448275862,2.7583333333333333,19.63103448275862,0.0551472413793103,83434.06896551725,51432839477.672,0.06014438024744684,0
202403,France,57548584789.825,2024-03-01,9.23225806451613,1.575,17.47741935483871,0.1105438709677419,84697.17741935483,54526235732.423,0.05542926293745265,0
202404,France,53974285117.857,2024-04-01,10.956666666666669,1.3107142857142855,17.18,0.0912483333333333,86866.11666666667,57548584789.825,-0.06210925403329738,0
202405,France,52490841642.455,2024-05-01,14.051612903225807,2.5678571428571426,13.348387096774196,0.1461112903225806,78533.3870967742,53974285117.857,-0.027484263518503072,0
202406,France,59257944260.572,2024-06-01,15.366666666666667,0.9370370370370372,12.11,0.059277,85831.36666666667,52490841642.455,0.12891968210781576,0
202407,France,58042072362.016,2024-07-01,18.154838709677417,1.5214285714285716,13.080645161290322,0.0558335483870967,83316.08064516129,59257944260.572,-0.020518293601436914,0
202408,France,44155731730.321,2024-08-01,19.061290322580643,0.4639999999999999,12.141935483870968,0.1528612903225806,77213.35483870968,58042072362.016,-0.23924612038460785,1
202409,France,51074223319.438,2024-09-01,15.94,2.635294117647059,15.346666666666666,0.0871599999999999,86753.95,44155731730.321,0.1566838849228308,0
202410,France,57929276322.905,2024-10-01,13.748387096774191,1.3916666666666666,15.28064516129032,0.0432803225806451,80629.79032258065,51074223319.438,0.13421746936008866,0
202411,France,52902718961.597,2024-11-01,9.486666666666668,3.462962962962963,18.006666666666668,0.0432803225806451,80629.79032258065,57929276322.905,-0.08677058786802967,0
202412,France,52129838759.054,2024-12-01,7.561290322580645,2.0416666666666665,18.55806451612903,0.0432803225806451,80629.79032258065,52902718961.597,-0.01460946086918607,0
202302,Germany,142244471966.542,2023-02-01,4.25,2.085714285714286,15.003571428571428,0.0211542857142857,134373.2857142857,139553698569.058,0.019281276132946428,0
202303,Germany,163396316089.323,2023-03-01,5.809677419354839,3.1,16.4,0.0861483333333333,123215.8,142244471966.542,0.14870064073742165,0
202304,Germany,132544671706.226,2023-04-01,7.846666666666667,1.3966666666666667,15.663333333333332,0.0672696666666666,81465.76666666666,163396316089.323,-0.18881481003666872,1
202305,Germany,144864595261.512,2023-05-01,12.783870967741937,0.5451612903225806,15.038709677419355,0.0245767741935483,92334.58064516127,132544671706.226,0.09294921777460854,0
202306,Germany,152986775001.163,2023-06-01,18.37,1.7966666666666669,12.316666666666666,0.076187,89748.83333333333,144864595261.512,0.05606738986146826,0
202307,Germany,141322536988.644,2023-07-01,17.616129032258065,4.638709677419355,14.829032258064515,0.0399487096774193,81893.51612903226,152986775001.163,-0.07624344007794341,0
202308,Germany,136278856303.272,2023-08-01,17.603225806451615,2.6193548387096777,11.76774193548387,0.06241,82641.5,141322536988.644,-0.03568914621011435,0
202309,Germany,139763403590.137,2023-09-01,17.573333333333334,0.6966666666666667,11.386666666666668,0.1246579999999999,84354.43333333333,136278856303.272,0.025569243691850145,0
202310,Germany,141070609879.839,2023-10-01,11.429032258064517,5.509677419354839,15.083870967741936,0.108836129032258,72893.74193548386,139763403590.137,0.00935299410377442,0
202311,Germany,152056811901.287,2023-11-01,6.14,2.5266666666666664,16.576666666666668,0.2031173333333333,78274.05,141070609879.839,0.07787732704073383,0
202312,Germany,124922767187.772,2023-12-01,4.603225806451612,4.44516129032258,17.393548387096775,0.1216899999999999,77426.40322580645,152056811901.287,-0.17844675535568905,1
202401,Germany,138896507075.971,2024-01-01,2.56774193548387,2.996774193548388,18.293548387096774,0.0460896774193548,73153.82258064517,124922767187.772,0.11185903260688271,0
202402,Germany,143385912851.043,2024-02-01,6.568965517241379,3.2103448275862068,18.03448275862069,0.0687772413793103,83452.3448275862,138896507075.971,0.03232194869102403,0
202403,Germany,146590306958.524,2024-03-01,7.719354838709678,0.9870967741935484,15.274193548387096,0.1129545161290322,84729.17741935483,143385912851.043,0.022348039941761117,0
202404,Germany,149486976345.371,2024-04-01,10.07,2.7333333333333334,14.653333333333334,0.1052806666666666,86893.71666666666,146590306958.524,0.019760306441452463,0
202405,Germany,137500977038.897,2024-05-01,16.164516129032258,3.161290322580645,14.109677419354838,0.0960987096774193,78550.40322580645,149486976345.371,-0.08018089334272066,0
202406,Germany,138813321018.882,2024-06-01,16.156666666666666,2.8366666666666664,13.59,0.0801259999999999,85852.01666666666,137500977038.897,0.0095442520354873,0
202407,Germany,145014600181.014,2024-07-01,18.187096774193545,3.170967741935484,13.193548387096774,0.1098332258064516,83332.43548387097,138813321018.882,0.04467351632116412,0
202408,Germany,133086014427.699,2024-08-01,18.861290322580647,2.180645161290323,11.758064516129032,0.115478064516129,77228.91935483871,145014600181.014,-0.08225782602872526,0
202409,Germany,145567107039.031,2024-09-01,15.846666666666666,4.05,13.713333333333331,0.102378,86774.21666666666,133086014427.699,0.09378215032588975,0
202410,Germany,146269821512.345,2024-10-01,10.90967741935484,2.0354838709677416,12.861290322580643,0.0357219354838709,80646.66129032258,145567107039.031,0.004827426247645191,0
202411,Germany,141907509228.412,2024-11-01,6.116666666666666,4.166666666666667,14.083333333333334,0.0357219354838709,80646.66129032258,146269821512.345,-0.029823734238746166,0
202412,Germany,117736269964.336,2024-12-01,4.993548387096775,1.8193548387096772,16.496774193548386,0.0357219354838709,80646.66129032258,141907509228.412,-0.1703309387607555,1
202501,Germany,130218241317.184,2025-01-01,2.290322580645161,2.035483870967742,15.112903225806452,0.0357219354838709,80646.66129032258,117736269964.336,0.10601636485196086,0
202502,Germany,135861182842.875,2025-02-01,2.1107142857142858,0.1892857142857142,12.278571428571428,0.0357219354838709,80646.66129032258,130218241317.184,0.043334493452004054,0
202503,Germany,152212070615.703,2025-03-01,6.032258064516129,0.3709677419354839,11.706451612903225,0.0357219354838709,80646.66129032258,135861182842.875,0.12034995891164874,0
202504,Germany,148417507267.806,2025-04-01,10.346666666666666,1.0066666666666668,11.78,0.0357219354838709,80646.66129032258,152212070615.703,-0.0249294509466159,0
202505,Germany,147702269359.473,2025-05-01,12.812903225806451,1.2354838709677418,13.351612903225806,0.0357219354838709,80646.66129032258,148417507267.806,-0.004819093929683279,0
202506,Germany,149412774052.831,2025-06-01,17.06,2.41,14.753333333333334,0.0357219354838709,80646.66129032258,147702269359.473,0.011580761086310941,0
202507,Germany,158558299656.352,2025-07-01,18.48709677419355,4.767741935483872,13.074193548387097,0.0357219354838709,80646.66129032258,149412774052.831,0.061209797231173965,0
202508,Germany,134882764410.216,2025-08-01,17.674193548387095,1.261290322580645,11.98709677419355,0.0357219354838709,80646.66129032258,158558299656.352,-0.14931753996762492,1
202509,Germany,162010263658.105,2025-09-01,18.3,1.6,11.5,0.0357219354838709,80646.66129032258,134882764410.216,0.2011190930620812,0
202302,India,37015585332.961,2023-02-01,28.067857142857143,0.0,8.667857142857143,0.0258628571428571,134356.73214285713,35803967134.579,0.033840333777198424,0
202303,India,41957815630.248,2023-03-01,28.88387096774193,0.6774193548387096,9.64516129032258,0.070019,123217.1,37015585332.961,0.13351755085947895,0
202304,India,34618433634.302,2023-04-01,29.973333333333336,0.51,10.24,0.0798823333333333,81471.01666666666,41957815630.248,-0.17492288112956317,1
202305,India,34956820518.881,2023-05-01,30.787096774193547,0.0193548387096774,11.125806451612902,0.039106129032258,92340.79032258064,34618433634.302,0.009774760122124674,0
202306,India,34317080479.908,2023-06-01,30.45,18.703333333333333,14.643333333333334,0.074905,89759.78333333334,34956820518.881,-0.01830086459457768,0
202307,India,34478953784.729,2023-07-01,27.758064516129032,57.061290322580646,13.358064516129032,0.0712038709677419,81898.12903225806,34317080479.908,0.004716989398785514,0
202308,India,38302245304.627,2023-08-01,28.59032258064516,6.041935483870968,14.080645161290322,0.0670274193548387,82651.48387096774,34478953784.729,0.11088768945162625,0
202309,India,34403191903.188,2023-09-01,28.24333333333333,16.12666666666667,10.48,0.0804636666666666,84361.16666666667,38302245304.627,-0.10179699311173229,1
202310,India,33433976501.375,2023-10-01,30.203225806451613,0.4193548387096774,9.138709677419357,0.1353438709677419,72893.29032258065,34403191903.188,-0.02817225228811372,0
202311,India,33748768432.92,2023-11-01,29.446666666666665,0.2366666666666666,8.736666666666668,0.1275283333333333,78275.46666666666,33433976501.375,0.009415330286304775,0
202312,India,38381490505.451,2023-12-01,27.929032258064517,0.0,8.745161290322581,0.094726129032258,77423.14516129032,33748768432.92,0.13727084831966913,0
202401,India,37303444607.675,2024-01-01,26.33225806451613,0.0354838709677419,8.577419354838709,0.0579241935483871,73149.17741935483,38381490505.451,-0.02808765067690343,0
202402,India,41390805447.459,2024-02-01,27.113793103448277,0.0,8.906896551724138,0.1137693103448276,83450.63793103448,37303444607.675,0.10957060085928477,0
202403,India,41582686507.517,2024-03-01,28.26774193548387,0.0032258064516129,10.32258064516129,0.0883154838709677,84716.93548387097,41390805447.459,0.0046358377901481096,0
202404,India,34862241161.785,2024-04-01,30.69333333333333,0.0,10.996666666666666,0.0843533333333333,86884.46666666666,41582686507.517,-0.16161643006199525,1
202405,India,39597075312.681,2024-05-01,31.141935483870967,0.0451612903225806,11.648387096774194,0.126396129032258,78539.58064516129,34862241161.785,0.13581554120181424,0
202406,India,35169460528.322,2024-06-01,29.7,11.71,11.216666666666669,0.1069476666666666,85841.13333333333,39597075312.681,-0.11181671245656503,1
202407,India,33878942120.958,2024-07-01,27.470967741935485,53.670967741935485,13.541935483870969,0.1240745161290322,83334.93548387097,35169460528.322,-0.03669429067087176,0
202408,India,34599818852.637,2024-08-01,28.161290322580644,12.596774193548388,12.422580645161291,0.1148958064516129,77230.80645161291,33878942120.958,0.02127801774639994,0
202409,India,34561904125.944,2024-09-01,27.69,21.97666666666667,9.976666666666668,0.140127,86775.93333333333,34599818852.637,-0.0010958070865770197,0
202410,India,38984230792.469,2024-10-01,29.26451612903226,3.612903225806452,7.312903225806451,0.1202109677419354,80647.69354838709,34561904125.944,0.12795379127289946,0
202411,India,31935649847.213,2024-11-01,28.363333333333333,0.0166666666666666,7.25,0.1202109677419354,80647.69354838709,38984230792.469,-0.18080595158536897,1
202412,India,37517715919.618,2024-12-01,26.248387096774195,1.3793103448275863,6.590322580645162,0.1202109677419354,80647.69354838709,31935649847.213,0.17479105949341242,0
202501,India,36159346350.073,2025-01-01,26.20967741935484,0.0,6.216129032258064,0.1202109677419354,80647.69354838709,37517715919.618,-0.036206083879288274,0
202502,India,36819414606.348,2025-02-01,27.960714285714285,0.0,6.464285714285714,0.1202109677419354,80647.69354838709,36159346350.073,0.01825442998567005,0
202503,India,42063304659.267,2025-03-01,29.348387096774196,0.0,7.190322580645161,0.1202109677419354,80647.69354838709,36819414606.348,0.14242187468170406,0
202504,India,38461557399.04,2025-04-01,30.223333333333336,0.0083333333333333,6.54,0.1202109677419354,80647.69354838709,42063304659.267,-0.08562682579038625,0
202505,India,38485181918.448,2025-05-01,29.458064516129035,7.645161290322581,8.87741935483871,0.1202109677419354,80647.69354838709,38461557399.04,0.0006142372021728584,0
202506,India,35128109171.688,2025-06-01,28.57,17.029999999999998,13.166666666666666,0.1202109677419354,80647.69354838709,38485181918.448,-0.08723026836338717,0
202509,India,36346381292.948,2025-09-01,27.4,12.6,23.8,0.1202109677419354,80647.69354838709,35128109171.688,0.03468083395282426,0
202302,Italy,56210961004.101,2023-02-01,10.110714285714286,0.2928571428571428,13.62142857142857,0.0295525,134281.01785714287,51248563631.268,0.09682997963684041,0
202303,Italy,63676072908.24,2023-03-01,12.996774193548386,0.3612903225806452,15.045161290322582,0.078304,123157.31666666668,56210961004.101,0.1328052709078282,0
202304,Italy,52158029065.479,2023-04-01,14.496666666666666,0.2733333333333333,11.943333333333332,0.0970983333333333,81435.83333333333,63676072908.24,-0.18088495908595065,1
202305,Italy,62084323667.268,2023-05-01,18.9741935483871,0.5645161290322581,13.387096774193548,-0.0012567741935483,92299.24193548386,52158029065.479,0.19031191898235972,0
202306,Italy,59904535788.706,2023-06-01,23.176666666666662,0.2299999999999999,8.383333333333333,0.0675826666666666,89710.55,62084323667.268,-0.03511011717296392,0
202307,Italy,59196134576.897,2023-07-01,25.825806451612905,0.1903225806451612,11.332258064516129,0.0441554838709677,81859.14516129032,59904535788.706,-0.011825502067283448,0
202308,Italy,45749165674.622,2023-08-01,25.483870967741936,0.4032258064516129,12.067741935483872,0.1044596774193548,82605.14516129032,59196134576.897,-0.22715957719852656,1
202309,Italy,55183736987.328,2023-09-01,23.71333333333333,0.9366666666666666,15.696666666666667,0.1395596666666666,84322.91666666667,45749165674.622,0.20622389880958095,0
202310,Italy,59713199217.104,2023-10-01,20.080645161290324,1.829032258064516,14.661290322580646,0.1039764516129032,72868.12903225806,55183736987.328,0.08207965746894065,0
202311,Italy,59663039125.292,2023-11-01,14.213333333333336,0.8433333333333334,14.646666666666668,0.1903023333333333,78243.93333333333,59713199217.104,-0.0008400168215677987,0
202312,Italy,52198239142.372,2023-12-01,11.425806451612903,0.535483870967742,15.37741935483871,0.0931438709677419,77401.69354838709,59663039125.292,-0.12511598625145404,1
202401,Italy,51851240726.297,2024-01-01,10.474193548387095,0.4,16.474193548387095,0.091938064516129,73128.08064516129,52198239142.372,-0.006647703481501698,0
202402,Italy,57727911603.594,2024-02-01,12.320689655172414,1.496551724137931,13.737931034482758,0.1152827586206896,83430.89655172414,51851240726.297,0.11333713128134615,0
202403,Italy,58935334094.372,2024-03-01,12.72258064516129,1.5129032258064516,14.180645161290323,0.1152387096774193,84692.25806451614,57727911603.594,0.020915748677505053,0
202404,Italy,56530657211.243,2024-04-01,15.29,0.6466666666666666,15.616666666666667,0.1081566666666666,86859.66666666667,58935334094.372,-0.040801955568427646,0
202405,Italy,60583322681.822,2024-05-01,18.141935483870967,0.6322580645161291,12.206451612903225,0.1319216129032258,78523.7258064516,56530657211.243,0.07168969317719157,0
202406,Italy,55755570287.302,2024-06-01,21.466666666666665,0.6866666666666668,12.756666666666666,0.0657073333333333,85823.83333333333,60583322681.822,-0.07968781144399929,0
202407,Italy,62119522839.991,2024-07-01,25.80967741935484,0.1258064516129032,8.848387096774195,0.1222087096774193,83313.37096774194,55755570287.302,0.1141402109223578,0
202408,Italy,42836932225.34,2024-08-01,27.46451612903226,0.1384615384615384,10.067741935483872,0.1271706451612903,77211.45161290323,62119522839.991,-0.31041111929207144,1
202409,Italy,56059057981.473,2024-09-01,22.19333333333333,1.288888888888889,15.383333333333333,0.0967783333333333,86750.55,42836932225.34,0.3086618268222185,0
202410,Italy,62441635700.689,2024-10-01,18.89354838709677,2.858064516129032,16.338709677419356,0.0859325806451613,80625.74193548386,56059057981.473,0.1138545303655546,0
202411,Italy,57064547713.006,2024-11-01,13.56,0.1766666666666666,20.53333333333333,0.0859325806451613,80625.74193548386,62441635700.689,-0.0861138233703201,0
202412,Italy,51575232054.204,2024-12-01,10.82258064516129,1.2592592592592593,18.725806451612904,0.0859325806451613,80625.74193548386,57064547713.006,-0.09619485089778228,0
202501,Italy,50481139166.466,2025-01-01,10.15483870967742,1.0870967741935484,20.36774193548387,0.0859325806451613,80625.74193548386,51575232054.204,-0.02121353301111938,0
202502,Italy,56107376663.354,2025-02-01,10.075,0.4285714285714285,18.817857142857143,0.0859325806451613,80625.74193548386,50481139166.466,0.1114522689025495,0
202503,Italy,62082311515.957,2025-03-01,13.12258064516129,2.808695652173913,14.35483870967742,0.0859325806451613,80625.74193548386,56107376663.354,0.10649107493392178,0
202504,Italy,59398521010.603,2025-04-01,15.676666666666668,1.8,12.646666666666668,0.0859325806451613,80625.74193548386,62082311515.957,-0.043229551861389534,0
202505,Italy,62170567467.364,2025-05-01,18.43870967741936,0.8354838709677419,11.406451612903224,0.0859325806451613,80625.74193548386,59398521010.603,0.04666861075995772,0
202506,Italy,62597165108.58,2025-06-01,24.49333333333333,0.3433333333333334,10.91,0.0859325806451613,80625.74193548386,62170567467.364,0.006861729892363342,0
202507,Italy,72013383036.908,2025-07-01,24.967741935483872,0.4483870967741936,11.470967741935484,0.0859325806451613,80625.74193548386,62597165108.58,0.1504256288922156,0
202508,Italy,44917887974.996,2025-08-01,25.67419354838709,0.9064516129032258,11.01290322580645,0.0859325806451613,80625.74193548386,72013383036.908,-0.37625638345618523,1
202302,USA,158903625574.0,2023-02-01,12.810714285714283,4.042857142857143,11.303571428571429,-0.0731585714285714,134230.85714285713,165367392270.0,-0.03908731103074073,0
202303,USA,184407050413.0,2023-03-01,13.429032258064517,5.816129032258065,10.148387096774194,-0.0035793333333333,123095.25,158903625574.0,0.1604961796615728,0
202304,USA,162335030837.0,2023-04-01,16.113333333333333,0.1233333333333333,9.75,0.0626396666666666,81418.1,184407050413.0,-0.11969184218589946,1
202305,USA,166622285362.0,2023-05-01,17.0258064516129,0.2258064516129032,9.464516129032257,-0.0046,92272.93548387096,162335030837.0,0.026409915979902183,0
202306,USA,167201631978.0,2023-06-01,18.59333333333333,0.0766666666666666,9.486666666666668,-0.0026879999999999,89694.93333333333,166622285362.0,0.0034770055802639125,0
202307,USA,159576832230.0,2023-07-01,22.72258064516129,0.0,8.970967741935485,0.023568064516129,81840.33870967742,167201631978.0,-0.0456024241976493,0
202308,USA,171447831169.0,2023-08-01,23.270967741935483,1.606451612903226,9.403225806451612,0.0173103225806451,82585.48387096774,159576832230.0,0.07439049123302678,0
202309,USA,171220945517.0,2023-09-01,21.673333333333336,0.2133333333333333,9.096666666666666,-0.112954,84307.26666666666,171447831169.0,-0.0013233509601900631,0
202310,USA,178034414709.0,2023-10-01,20.467741935483872,0.0064516129032258,10.235483870967744,-0.0131274193548387,72853.3870967742,171220945517.0,0.03979343281528317,0
202311,USA,165755550085.0,2023-11-01,17.773333333333333,0.1866666666666666,10.356666666666666,0.1338443333333333,78230.23333333334,178034414709.0,-0.06896905097854251,0
202312,USA,167669993627.0,2023-12-01,15.861290322580643,3.3806451612903223,9.703225806451613,-0.0219535483870967,77386.8870967742,165755550085.0,0.011549800540725587,0
202401,USA,160498257063.0,2024-01-01,14.17741935483871,1.5451612903225806,10.093548387096773,-0.0877290322580645,73115.98387096774,167669993627.0,-0.04277292799303316,0
202402,USA,167351866311.0,2024-02-01,14.13103448275862,9.310344827586206,10.144827586206896,0.01006,83417.0172413793,160498257063.0,0.04270207897217083,0
202403,USA,179287157721.0,2024-03-01,14.687096774193549,2.029032258064516,11.983870967741936,-0.0461816129032258,84677.87096774194,167351866311.0,0.0713185438148621,0
202404,USA,171625670606.0,2024-04-01,16.27,0.6,10.916666666666666,-0.0829716666666666,86846.65,179287157721.0,-0.04273305022171483,0
202405,USA,173085255341.0,2024-05-01,17.13225806451613,0.0064516129032258,11.716129032258063,-0.0103948387096774,78511.19354838709,171625670606.0,0.008504466318157962,0
202406,USA,174321127774.0,2024-06-01,20.063333333333333,0.0,12.45,-0.0924643333333333,85810.6,173085255341.0,0.007140252533730697,0
202407,USA,168775420360.0,2024-07-01,22.345161290322583,0.0,12.303225806451612,0.0529135483870967,83299.8870967742,174321127774.0,-0.03181316851729973,0
202408,USA,180374942383.0,2024-08-01,22.60322580645161,0.0,11.8,-0.0714283870967742,77201.6129032258,168775420360.0,0.06872755522254413,0
202409,USA,171395614120.0,2024-09-01,21.946666666666665,0.0,12.406666666666666,-0.0728429999999999,86739.36666666667,180374942383.0,-0.04978146157315854,0
202410,USA,176791074084.0,2024-10-01,19.19032258064516,0.0,10.970967741935484,-0.1171587096774193,80615.19354838709,171395614120.0,0.03147956843412838,0
202411,USA,174278613277.0,2024-11-01,14.89,0.0833333333333333,9.966666666666669,-0.1171587096774193,80615.19354838709,176791074084.0,-0.014211468650313402,0
202412,USA,166017612083.0,2024-12-01,13.587096774193547,0.0,5.558064516129033,-0.1171587096774193,80615.19354838709,174278613277.0,-0.04740111846580906,0
202501,USA,163910930793.0,2025-01-01,12.274193548387096,0.4064516129032258,8.141935483870968,-0.1171587096774193,80615.19354838709,166017612083.0,-0.012689504827637029,0
202502,USA,167508062853.0,2025-02-01,13.55714285714286,2.5464285714285717,8.410714285714286,-0.1171587096774193,80615.19354838709,163910930793.0,0.02194565086414371,0
202503,USA,190868948659.0,2025-03-01,13.725806451612904,1.7000000000000002,9.906451612903227,-0.1171587096774193,80615.19354838709,167508062853.0,0.13946126179311621,0
202504,USA,188502222472.0,2025-04-01,15.82,0.1766666666666666,9.12,-0.1171587096774193,80615.19354838709,190868948659.0,-0.012399744450986173,0
202505,USA,182922041808.0,2025-05-01,19.10967741935484,0.0999999999999999,8.548387096774194,-0.1171587096774193,80615.19354838709,188502222472.0,-0.029602731420468407,0
202506,USA,179795625974.0,2025-06-01,20.166666666666668,0.1133333333333333,8.389999999999999,-0.1171587096774193,80615.19354838709,182922041808.0,-0.017091520535734955,0
202507,USA,175018015665.0,2025-07-01,20.98064516129032,0.0,7.880645161290323,-0.1171587096774193,80615.19354838709,179795625974.0,-0.026572450153436344,0
